source	reference	greedy	beam
نارمن (Norman: Nourmands؛ French: Normands؛ Latin: Normanni) وہ لوگ تھے جنہوں نے 10 ویں اور 11 ویں صدیوں میں <ans> فرانس </ans> کے ایک خطے نارمنڈی کو اپنا نام دیا۔	نارمنڈی کس ملک میں واقع ہے؟	کس ملک میں کس ملک کے کس ملک کو اپنا نام دیا؟	کون ویں صدی میں کس ملک نے کس ملک کو اپنا نام دیا؟
نارمنز (Norman: Nourmands؛ French: Normands؛ Latin: Normanni) وہ لوگ تھے جنہوں نے <ans> دسویں اور گیارہویں صدیوں </ans> میں فرانس کے ایک خطے نارمنڈی کو اپنا نام دیا۔	نارمنز نارمنڈی میں کب تھے؟	فرانس کے ایک خطے میں کس کے نام سے جانا جاتا تھا؟	فرانس کے ایک خطے میں کس کے علاقے کو نام دیا گیا تھا؟
نارمن (Norman: Nourmands؛ French: Normands؛ Latin: Normanni) وہ لوگ تھے جنہوں نے <ans> دسویں اور گیارہویں صدیوں میں </ans> فرانس کے ایک خطے نارمنڈی کو اپنا نام دیا۔	نارمنز نارمنڈی میں کب تھے؟	فرانس کے ایک خطے کو کب نام دیا گیا تھا؟	فرانس کے ایک خطے کو کب نام دیا گیا؟
وہ <ans> ڈنمارک ، آئس لینڈ اور ناروے </ans> کے نارمن (نورمن نارمن سے آتا ہے) حملہ آوروں اور قزاقوں سے descended تھے ، جنہوں نے اپنے رہنما رولو کے تحت ، مغربی فرانس کے بادشاہ چارلس III کے ساتھ وفاداری کی قسم کھانے پر اتفاق کیا۔	نورس کس ملک سے پیدا ہوئے تھے؟	کون سے ممالک نے کس کے کے سے؟	کون سے ممالک نے کس کے سے سے؟؟
وہ ڈنمارک ، آئس لینڈ اور ناروے کے نارمن (نورمن نارمن سے آتا ہے) حملہ آوروں اور قزاقوں سے descended تھے ، جنہوں نے اپنے رہنما <ans> رولو </ans> کے تحت ، مغربی فرانس کے بادشاہ چارلس III کے ساتھ وفاداری کی قسم کھانے پر اتفاق کیا۔	نورس لیڈر کون تھا؟	نپولین کے بادشاہ کا رہنما کون تھا؟	مغربی چارلس بادشاہ کا رہنما کون تھا؟
نارمن کی الگ ثقافتی اور نسلی شناخت ابتدائی طور پر <ans> دسویں صدی </ans> کے پہلے نصف میں سامنے آئی ، اور اس نے بعد کی صدیوں میں ترقی جاری رکھی۔	کس صدی میں نارمنز نے پہلی بار اپنی علیحدہ شناخت حاصل کی؟	نارمن کی ثقافتی ثقافتی طور پر کب نمودار ہوئی؟	نارمن کی ثقافتی ثقافتی طور پر کب نمودار ہوئی؟
نارمن کی الگ ثقافتی اور نسلی شناخت ابتدائی طور پر <ans> دسویں صدی کے پہلے نصف </ans> میں سامنے آئی ، اور اس نے آنے والی صدیوں میں تیار ہونا جاری رکھا۔	کس صدی میں نارمنز نے پہلی بار اپنی علیحدہ شناخت حاصل کی؟	نارمن کی ثقافتی ثقافتی ثقافتی طور پر کب ابھرنا شروع ہوئی؟	نارمن کی ثقافتی ثقافتی طور پر کب ابھرنا شروع ہوئی؟
نارمن کی الگ ثقافتی اور نسلی شناخت ابتدائی طور پر <ans> دسویں </ans> صدی کے پہلے نصف میں سامنے آئی ، اور اس نے آنے والی صدیوں میں تیار ہونا جاری رکھا۔	کس صدی میں نارمنز نے پہلی بار اپنی علیحدہ شناخت حاصل کی؟	کس صدی میں دوران ثقافتی ثقافتی ثقافتی طور پر ابھری؟	کس صدی میں ثقافتی ثقافتی ثقافتی طور پر ابھر کر سامنے شروع ہوئی؟
نارمن کی الگ ثقافتی اور نسلی شناخت ابتدائی طور پر <ans> دسویں </ans> صدی کے پہلے نصف میں سامنے آئی ، اور اس نے آنے والی صدیوں میں تیار ہونا جاری رکھا۔	کس صدی میں نارمنز نے پہلی بار اپنی علیحدہ شناخت حاصل کی؟	کس صدی میں دوران ثقافتی ثقافتی ثقافتی طور پر ابھری؟	کس صدی میں ثقافتی ثقافتی ثقافتی طور پر ابھر کر سامنے شروع ہوئی؟
نارمن مہم جوئیوں نے جنوبی اٹلی کو سارسین اور بازنطینیوں پر فتح کرنے کے بعد روجر دوم کے تحت سسلی کی بادشاہی کی بنیاد رکھی ، اور ان کے ڈیوک ، <ans> ولیم فاتح </ans> کی طرف سے ایک مہم نے 1066 میں ہیسٹنگز کی لڑائی میں انگلینڈ کی نارمن فتح کی قیادت کی۔	ہیسٹنگس کی لڑائی میں ڈیوک کون تھا؟	کون سا ڈیوک ڈیوک نے کی فتح کی فتح کس نے کی؟	ہیسٹین کی لڑائی کس نے کی؟
ڈچی آف نارمنڈی ، جسے انہوں نے فرانسیسی تاج کے ساتھ معاہدے کے ذریعہ تشکیل دیا ، قرون وسطی کے فرانس کا ایک عظیم فیوڈ تھا ، اور نارمنڈی کے <ans> رچرڈ اول </ans> کے تحت ایک مربوط اور خوفناک شہنشاہی میں تشکیل دیا گیا تھا۔	جو نورمنڈی کے ڈچی پر حکمرانی کی	کس کے کس کے کے کس نے تشکیل دیا؟	کون آف کس کے کس نے تشکیل دیا؟
نارمن اپنی جنگی روح اور بالآخر اپنی عیسائی عقیدت کے لئے مشہور تھے ، جو <ans> کیتھولک </ans> آرتھوڈوکس کے نمائندے بن گئے جس میں انہوں نے ہم آہنگ کیا۔	نارمنز کا مذہب کیا تھا؟	نارمن مذہب کس مذہب مذہب کے مذہب بن گیا؟	نارمن مذہب کس مذہب کے مذہب بن گیا؟
نارمن اپنی جنگی روح اور بالآخر اپنی عیسائی عقیدت کے لئے مشہور تھے ، جس میں وہ <ans> کیتھولک آرتھوڈوکس </ans> کے نمائندے بن گئے جس میں انہوں نے ہم آہنگ کیا۔	نارمنز کا مذہب کیا تھا؟	نارمن نے کس مذہب کے مذہب کے؟	نارمن نے کس مذہب کے مذہب کیا؟
نورمنڈی کا ڈچی ، جو <ans> 911 </ans> میں ایک فیوڈم کے طور پر شروع ہوا ، مغربی فرانس کے بادشاہ چارلس III اور مشہور وائکنگ حکمران رولو کے مابین سینٹ کلیئر سور ایپٹ کے معاہدے کے ذریعہ قائم کیا گیا تھا ، اور یہ سابقہ فرینک سلطنت نیوسٹریا میں واقع تھا۔	ڈچی آف نارمنڈی کی بنیاد کب رکھی گئی تھی؟	نورمنڈی کا کب شروع ہوا؟	نورمنڈی کا کب شروع ہوا؟
ڈچی آف نارمنڈی ، جو 911 میں ایک فیوڈم کے طور پر شروع ہوا ، مغربی فرانس کے <ans> بادشاہ چارلس III </ans> اور مشہور وائکنگ حکمران رولو کے مابین سینٹ کلیئر سور ایپٹ کے معاہدے کے ذریعہ قائم کیا گیا تھا ، اور یہ سابقہ فرینک بادشاہت نیوسٹریا میں واقع تھا۔	رولو نے سینٹ کلیئر سور ایپٹ کے معاہدے پر کس کے ساتھ دستخط کیے؟	نپولین آف دی گریٹو کے ساتھ ساتھ، کون سا بادشاہ قائم کیا گیا تھا؟	نپولین آف ڈیوک کے ساتھ ساتھ، کون سا بادشاہ قائم کیا گیا تھا
یہ علاقہ موجودہ اپر نارمنڈی کے شمالی حصے سے نیچے دریائے <ans> سین </ans> تک تھا ، لیکن ڈچی بالآخر سین سے باہر مغرب میں پھیل جائے گی۔	کون سا دریا اصل میں ڈچی کی حد بندی کرتا تھا	دریائے سندھ کے دریائے کنارے کس دریا تک پہنچ گیا؟	دریائے سندھ کے دریائے کنارے کس دریا تک پہنچ گیا؟
معاہدے نے رولو اور اس کے مردوں کو مزید وائکنگ حملے کے خلاف تحفظ کے بدلے میں دریا <ans> ایپٹ </ans> اور بحر اوقیانوس کے ساحل کے درمیان فرانسیسی زمینیں پیش کیں۔	کون سا دریا اصل میں ڈچی کی حد بندی کرتا تھا	کون سا دریا کے ساتھ کے کے کے ساتھ؟	کون سا دریا اور کے کے ساتھ کے کے کے تھا؟
<ans> رولو </ans> کی آمد سے پہلے ، اس کی آبادی پکارڈی یا آئل ڈی فرانس سے مختلف نہیں تھی ، جسے فرینک سمجھا جاتا تھا۔	پہنچنے پر کس نے اصل وائکنگ آباد کاروں کو ایک مشترکہ شناخت دی؟	کس کی کی سے پہلے، کی کی کی؟	کون کی آبادی سے پہلے، کس کی کی کی سے؟
زیادہ تر نارمن شورویروں کو غریب اور زمین کی بھوک لگی رہی ، اور 1066 تک نارمنڈی ایک نسل سے زیادہ عرصے سے <ans> لڑنے والے گھوڑوں </ans> کی برآمد کر رہا تھا۔	نارمن کی اہم برآمدات میں سے ایک کیا تھا؟	1066 تک کس قسم کی کی برآمد کیا؟	1066 تک کس قسم کی کی برآمد کی؟؟
نارمنوں کے اٹلی میں داخل ہونے کے فورا بعد ، وہ بازنطینی سلطنت اور پھر آرمینیا میں داخل ہوئے ، پیچنیگس ، بلغاروں اور خاص طور پر <ans> سلجک ترکوں </ans> کے خلاف لڑے۔	اٹلی میں نارمنز کا بنیادی دشمن کون تھا، بازنطینی سلطنت اور آرمینیا؟	کس کے کے کے خلاف خلاف خلاف لڑا؟	کسغنی نے کس کے خلاف خلاف لڑا؟
نارمنز نے اٹلی میں داخل ہونا شروع کرنے کے فورا بعد ، وہ بازنطینی سلطنت اور پھر آرمینیا میں داخل ہوئے ، <ans> پیچنیگس ، بلغارین ، اور خاص طور پر سلجک ترکوں </ans> کے خلاف لڑتے ہوئے۔	اٹلی میں نارمنز کا بنیادی دشمن کون تھا، بازنطینی سلطنت اور آرمینیا؟	الیگزینڈرز نے آرمینیا میں خلاف خلاف خلاف لڑا؟	الیگزینڈرز نے آرمینیا کے خلاف خلاف لڑا؟
نارمنوں کے اٹلی میں داخل ہونے کے فورا بعد ، وہ بازنطینی سلطنت اور پھر آرمینیا میں داخل ہوئے ، پیچنیگس ، بلغاروں اور خاص طور پر <ans> سلجک ترکوں </ans> کے خلاف لڑے۔	اٹلی میں نارمنز کا بنیادی دشمن کون تھا، بازنطینی سلطنت اور آرمینیا؟	کس کے کے کے خلاف خلاف خلاف لڑا؟	کسغنی نے کس کے خلاف خلاف لڑا؟
بازنطینی جنرل کی حیثیت سے خدمات انجام دینے والے پہلے نارمن مزدوروں میں سے ایک <ans> 1050 کی دہائی </ans> میں ہروی تھا۔	ہروی نے کب بازنطینی جنرل کی حیثیت سے خدمات انجام دیں؟	کس دہائی میں دوران، کس دہائی کے دوران میں ایک؟	کس دہائی میں دوران، کس دہائی کے دوران میں میں سے ایک تھا؟
بازنطینی جنرل کی حیثیت سے خدمات انجام دینے والے پہلے نارمن مزدوروں میں سے ایک ہروی <ans> 1050 کی دہائی میں </ans> تھا۔	ہروی نے کب بازنطینی جنرل کی حیثیت سے خدمات انجام دیں؟	کس دہائی میں بازنطینی جنرل نے پہلی بار کب؟	" ⁇ ""ویوی ⁇ "" ⁇ "" کب"" کب تھا؟"
بازنطینی جنرل کی حیثیت سے خدمات انجام دینے والے پہلے نارمن مزدوروں میں سے ایک ہروی <ans> 1050 کی دہائی میں </ans> تھا۔	ہروی نے کب بازنطینی جنرل کی حیثیت سے خدمات انجام دیں؟	کس دہائی میں بازنطینی جنرل نے پہلی بار کب؟	" ⁇ ""ویوی ⁇ "" ⁇ "" کب"" کب تھا؟"
<ans> 1060 کی دہائی </ans> میں ، رابرٹ کرسپین نے ترکوں کے خلاف ایڈیسا کے نارمنز کی قیادت کی۔	جب رابرٹ Crispin ترکوں کے خلاف چلا گیا؟	کس سال میں نے نے کے خلاف خلاف کے خلاف لڑائی کی؟	کس کر کر نے کس دہائی میں شکست دی؟
<ans> 1060 کی دہائی میں </ans> ، رابرٹ کرسپین نے ترکوں کے خلاف ایڈیسا کے نارمنز کی قیادت کی۔	جب رابرٹ Crispin ترکوں کے خلاف چلا گیا؟	کس کر کر نے نے کے خلاف خلاف کے خلاف کب کی؟	کس کر کر نے کے خلاف کے خلاف کب کی کی؟
<ans> 1060 کی دہائی میں </ans> ، رابرٹ کرسپین نے ترکوں کے خلاف ایڈیسا کے نارمنز کی قیادت کی۔	جب رابرٹ Crispin ترکوں کے خلاف چلا گیا؟	کس کر کر نے نے کے خلاف خلاف کے خلاف کب کی؟	کس کر کر نے کے خلاف کے خلاف کب کی کی؟
روسل ڈی بیلول نے یہاں تک کہ مقامی آبادی کی حمایت سے ایشیاء مائنر میں ایک آزاد ریاست بنانے کی کوشش کی ، لیکن اسے بازنطینی جنرل <ans> الیکسیس کومنیوس </ans> نے روک دیا۔	کون ایک آزاد ریاست کے لئے Roussel ڈی Bailleul کے منصوبوں کو برباد کر دیا؟	کس نے نے کو کو کو کس نے توڑ دیا؟	روسل ڈیول نے کس کو کس نے توڑ دیا؟
انہوں نے یہاں تک کہ اپنے قلعے کے نام کو اپنی نسلیت دی: <ans> افرانجی </ans> ، جس کا مطلب فرینکس ہے۔	نارمن قلعے کا نام کیا تھا؟	اس نے اپنے نام کو اپنے نام کے نام کیا تھا؟	مہاس نے اپنے نام کو اپنی نسلیت کا نام کیا تھا؟
<ans> اورسل </ans> نامی ایک نارمن نے شمالی شام میں اوپری فرات کی وادی میں فرینکس کی ایک فورس کی قیادت کی۔	فرینکس جب فرات کی وادی میں داخل ہوئے تو ان کا رہنما کون تھا؟	کون سی دو نے نے میں کی کی کی؟	فرینکس کی کی کی کس نے کی؟
کچھ نارمنوں نے <ans> ترکی کی افواج </ans> میں شمولیت اختیار کی تاکہ دور مشرقی اناطولیہ میں آرمینیائی وابستہ ریاستوں ساسون اور تارون کی تباہی میں مدد کی جاسکے۔	نارمنز نے اناطولیہ میں کس کے ساتھ تعاون کیا؟	کچھوںوں نے کس میں میں شمولیت اختیار کی؟	کچھوںوں نے کس میں میں شمولیت اختیار کی؟
بازنطینی یونان کے کئی خاندان کمینیئن بحالی کی مدت کے دوران <ans> نارمن مزدور </ans> نژاد تھے ، جب بازنطینی شہنشاہ مغربی یورپی جنگجوؤں کی تلاش کر رہے تھے۔	Raouliii خاندان کی ابتداء کیا تھی؟	بازنطینی خاندان کے دوران کس قسم کے خاندان تھے؟	بازنطینی یونان کے خاندان کی مدت کیا تھی؟
راولی <ans> راول نامی ایک اطالوی-نورمن </ans> سے descended تھے ، پیٹرلیفی ایک پیئر ڈی اولپس سے descended تھے ، اور البانیائی قبائل کا وہ گروپ جسے منیکیٹس کے نام سے جانا جاتا ہے وہ نارمنوں سے descended تھے جنہوں نے 1038 کی سسلی مہم میں جارج منیاسس کے تحت خدمات انجام دیں۔	Raouliii خاندان کی ابتداء کیا تھی؟	راولی کس سے سے تھے؟	راولی کس سے تھے؟
راولی <ans> راول نامی ایک اطالوی-نارمن سے تعلق رکھتے تھے </ans> ، پیٹرلیفی ایک پیئر ڈی اولپس سے تعلق رکھتے تھے ، اور البانیائی قبائل کا وہ گروپ جسے منیکیٹس کے نام سے جانا جاتا ہے وہ نارمنوں سے تعلق رکھتا تھا جنہوں نے 1038 کی سسلی مہم میں جارج منیاسس کے تحت خدمات انجام دیں۔	Raouliii خاندان کی ابتداء کیا تھی؟	راولی کس طرح سے تعلق رکھتے تھے؟	راولی کس طرح کا تھا؟
<ans> رابرٹ گسکارڈ </ans> ، ایک اور نارمن مہم جوئی جو پہلے اپنی فوجی کامیابیوں کے نتیجے میں اپولیا کے کاؤنٹ کی وقار کو بلند کیا گیا تھا ، نے بالآخر بازنطینیوں کو جنوبی اٹلی سے باہر نکال دیا۔	Apulia کے کاؤنٹ کا نام کیا تھا	کون سا نے نے کے کو کو کو اٹلی سے باہر نکال دیا گیا تھا؟	کون سا نے نےوں کو جنوبی اٹلی سے نکال دیا گیا تھا؟
شہر کی گارنیشن نے فروری <ans> 1082 </ans> تک مزاحمت کی ، جب وہاں آباد وینس اور املفیٹن تاجروں نے ڈیرراچیم کو نارمنز کے حوالے کردیا۔	Dyrrachium نارمنوں کو کب گر گیا؟	کس سال میں نے نے نے کے ساتھ کر دیا؟	کس سال کے دوران نیو یارک اور املرا نے کو ختم کر دیا؟
شہر کی گارنیشن نے <ans> فروری 1082 </ans> تک مزاحمت کی ، جب وہاں آباد وینس اور املفیٹن تاجروں نے ڈیرراچیم کو نارمنوں کے ساتھ دھوکہ دیا تھا۔	Dyrrachium نارمنوں کو کب گر گیا؟	جب کی نے نے کے ساتھ کر دیا؟	کس سال کے دوران کے ساتھ کے ساتھ کر دیا گیا؟
شہر کی گارنیشن نے <ans> فروری 1082 </ans> تک مزاحمت کی ، جب وہاں آباد وینس اور املفیٹن تاجروں نے ڈیرراچیم کو نارمنوں کے ساتھ دھوکہ دیا تھا۔	Dyrrachium نارمنوں کو کب گر گیا؟	جب کی نے نے کے ساتھ کر دیا؟	کس سال کے دوران کے ساتھ کے ساتھ کر دیا گیا؟
کروشیا اور ڈلمیٹیا کے کیتھولک شہروں کے ساتھ اتحاد کرنے کے بعد ، 1081 میں اس نے 300 بحری جہازوں میں <ans> 30،000 </ans> مردوں کی ایک فوج کی قیادت کی جو البانیہ کے جنوبی ساحل پر اتری ، والونا ، کینینا ، یریحو (اوریکومی) پر قبضہ کرلی ، اور متعدد لوٹ مار کے بعد بٹرنٹ پہنچی۔	رابرٹ کی فوج میں کتنے آدمی تھے؟	101 میں کتنے آدمی کتنے آدمی تھے؟	101 میں کتنے آدمی کتنے آدمی تھے تھے؟
دریں اثنا ، انہوں نے پیٹرا ، دریا <ans> ڈیابولس </ans> کے کنارے ملی کے قلعے ، گلاوینیکا (بالش) ، کینینا اور یریحو پر قبضہ کرلیا۔	نارمنز اور بازنطینیوں نے امن معاہدے پر کہاں دستخط کیے؟	کس دریا دریا دریا کے دریا کے قریب تھا؟	کس دریا دریا دریا کے دریا کے قریب تھا؟
پہلی صلیبی جنگ کے چند سال بعد ، 1107 میں ، رابرٹ کے بیٹے <ans> بوہیمنڈ </ans> کی کمانڈ میں نارمنز والونا میں اتریں اور اس وقت کے سب سے نفیس فوجی سازوسامان کا استعمال کرتے ہوئے ڈیرراچیم کا محاصرہ کیا ، لیکن اس سے کوئی فائدہ نہیں ہوا۔	رابرٹ کا بیٹا کون تھا؟	کس کے بیٹے کا نام کیا تھا؟	کس کے بیٹے کا نام کیا تھا؟
دریں اثنا ، انہوں نے پیٹرا ، دریا <ans> ڈیابولس </ans> کے کنارے ملی کے قلعے ، گلاوینیکا (بالش) ، کینینا اور یریحو پر قبضہ کرلیا۔	پیٹریلا کس دریا کے کنارے واقع تھا؟	کس دریا دریا دریا کے دریا کے قریب تھا؟	کس دریا دریا دریا کے دریا کے قریب تھا؟
دریں اثنا ، انہوں نے پیٹریلا ، <ans> دریائے ڈیابولس </ans> کے کنارے ملی کے قلعے ، گلاوینیکا (بالش) ، کینینا اور یریحو پر قبضہ کرلیا۔	پیٹریلا کس دریا کے کنارے واقع تھا؟	کے کس کے کے کے کس تھا؟	کون سا گاؤں کے کے کے تھا؟
بازنطینی ریاست کے مزید زوال نے <ans> 1185 </ans> میں تیسرے حملے کی راہ ہموار کی ، جب ایک بڑی نارمن فوج نے اعلی بازنطینی عہدیداروں کے غداری کی وجہ سے ڈیرراچیم پر حملہ کیا۔	نارمنز نے ڈیرراچیم پر کب حملہ کیا؟	کس سال میں نے نے پر حملہ حملہ کیا؟	کس سال کے دوران بازنطینی حملے نے کب حملہ کیا؟
بازنطینی ریاست کے مزید زوال نے <ans> 1185 میں </ans> تیسرے حملے کی راہ ہموار کی ، جب ایک بڑی نارمن فوج نے اعلی بازنطینی عہدیداروں کے غداری کی وجہ سے ڈیرراچیم پر حملہ کیا۔	نارمنز نے ڈیرراچیم پر کب حملہ کیا؟	کس سال میں بازنطینی حملے نے حملہ کیا؟	کس نے کب حملہ کب حملہ کیا؟
بازنطینی ریاست کے مزید زوال نے 1185 میں تیسرے حملے کی راہ ہموار کی ، جب ایک بڑی نارمن فوج نے اعلی بازنطینی عہدیداروں کے غداری کی وجہ سے <ans> ڈیرریچیم </ans> پر حملہ کیا۔	بحری اڈے کو کیا کہا جاتا تھا؟	اس نے کے دوران پر حملہ کیا؟	کس نے کس پر پر حملہ حملہ کیا؟
کچھ وقت بعد ، <ans> ایڈریٹک </ans> کے سب سے اہم بحری اڈوں میں سے ایک ، ڈراچیم دوبارہ بازنطینی ہاتھوں میں آگیا۔	Dyrrachium کہاں واقع تھا؟	کسچیم دوبارہ بازنطینی جہازوں کے لئے پر کس نے قبضہ کیا؟	کسچیم دوبارہ بازنطینی جہازوں میں سے ایک؟
کچھ وقت بعد ، <ans> ایڈریٹک </ans> کے سب سے اہم بحری اڈوں میں سے ایک ، ڈراچیم دوبارہ بازنطینی ہاتھوں میں آگیا۔	Dyrrachium کہاں واقع تھا؟	کسچیم دوبارہ بازنطینی جہازوں کے لئے پر کس نے قبضہ کیا؟	کسچیم دوبارہ بازنطینی جہازوں میں سے ایک؟
اس تعلقات نے بالآخر نارمنڈی کے ڈیوک رچرڈ دوم کی بہن ایما اور انگلینڈ کے <ans> کنگ ایتھلریڈ دوم </ans> کی شادی کے ذریعے خون کے قریبی تعلقات پیدا کیے۔	ایما نے کس سے شادی کی؟	الیگزینڈر کے ڈیوک کے شادی کے کس شادی کی؟	الیگزینڈر کے ڈیوک کے شادی کس نے شادی کی؟
